<?xml version="1.0" encoding="UTF-8"?>
<spirit:component xmlns:xilinx="http://www.xilinx.com" xmlns:spirit="http://www.spiritconsortium.org/XMLSchema/SPIRIT/1685-2009" xmlns:xsi="http://www.w3.org/2001/XMLSchema-instance">
  <spirit:vendor>xilinx.com</spirit:vendor>
  <spirit:library>ip</spirit:library>
  <spirit:name>data_buffer</spirit:name>
  <spirit:version>1.0</spirit:version>
  <spirit:busInterfaces>
    <spirit:busInterface>
      <spirit:name>RST_N</spirit:name>
      <spirit:busType spirit:vendor="xilinx.com" spirit:library="signal" spirit:name="reset" spirit:version="1.0"/>
      <spirit:abstractionType spirit:vendor="xilinx.com" spirit:library="signal" spirit:name="reset_rtl" spirit:version="1.0"/>
      <spirit:slave/>
      <spirit:portMaps>
        <spirit:portMap>
          <spirit:logicalPort>
            <spirit:name>RST</spirit:name>
          </spirit:logicalPort>
          <spirit:physicalPort>
            <spirit:name>RST_N</spirit:name>
          </spirit:physicalPort>
        </spirit:portMap>
      </spirit:portMaps>
      <spirit:parameters>
        <spirit:parameter>
          <spirit:name>POLARITY</spirit:name>
          <spirit:value spirit:id="BUSIFPARAM_VALUE.RST_N.POLARITY" spirit:choiceRef="choice_list_9d8b0d81">ACTIVE_LOW</spirit:value>
        </spirit:parameter>
      </spirit:parameters>
    </spirit:busInterface>
    <spirit:busInterface>
      <spirit:name>PL_RST_N</spirit:name>
      <spirit:busType spirit:vendor="xilinx.com" spirit:library="signal" spirit:name="reset" spirit:version="1.0"/>
      <spirit:abstractionType spirit:vendor="xilinx.com" spirit:library="signal" spirit:name="reset_rtl" spirit:version="1.0"/>
      <spirit:slave/>
      <spirit:portMaps>
        <spirit:portMap>
          <spirit:logicalPort>
            <spirit:name>RST</spirit:name>
          </spirit:logicalPort>
          <spirit:physicalPort>
            <spirit:name>PL_RST_N</spirit:name>
          </spirit:physicalPort>
        </spirit:portMap>
      </spirit:portMaps>
      <spirit:parameters>
        <spirit:parameter>
          <spirit:name>POLARITY</spirit:name>
          <spirit:value spirit:id="BUSIFPARAM_VALUE.PL_RST_N.POLARITY" spirit:choiceRef="choice_list_9d8b0d81">ACTIVE_LOW</spirit:value>
        </spirit:parameter>
      </spirit:parameters>
    </spirit:busInterface>
    <spirit:busInterface>
      <spirit:name>WR_CLK</spirit:name>
      <spirit:busType spirit:vendor="xilinx.com" spirit:library="signal" spirit:name="clock" spirit:version="1.0"/>
      <spirit:abstractionType spirit:vendor="xilinx.com" spirit:library="signal" spirit:name="clock_rtl" spirit:version="1.0"/>
      <spirit:slave/>
      <spirit:portMaps>
        <spirit:portMap>
          <spirit:logicalPort>
            <spirit:name>CLK</spirit:name>
          </spirit:logicalPort>
          <spirit:physicalPort>
            <spirit:name>WR_CLK</spirit:name>
          </spirit:physicalPort>
        </spirit:portMap>
      </spirit:portMaps>
    </spirit:busInterface>
    <spirit:busInterface>
      <spirit:name>RD_CLK</spirit:name>
      <spirit:busType spirit:vendor="xilinx.com" spirit:library="signal" spirit:name="clock" spirit:version="1.0"/>
      <spirit:abstractionType spirit:vendor="xilinx.com" spirit:library="signal" spirit:name="clock_rtl" spirit:version="1.0"/>
      <spirit:slave/>
      <spirit:portMaps>
        <spirit:portMap>
          <spirit:logicalPort>
            <spirit:name>CLK</spirit:name>
          </spirit:logicalPort>
          <spirit:physicalPort>
            <spirit:name>RD_CLK</spirit:name>
          </spirit:physicalPort>
        </spirit:portMap>
      </spirit:portMaps>
    </spirit:busInterface>
  </spirit:busInterfaces>
  <spirit:model>
    <spirit:views>
      <spirit:view>
        <spirit:name>xilinx_vhdlsynthesis</spirit:name>
        <spirit:displayName>VHDL Synthesis</spirit:displayName>
        <spirit:envIdentifier>vhdlSource:vivado.xilinx.com:synthesis</spirit:envIdentifier>
        <spirit:language>vhdl</spirit:language>
        <spirit:modelName>data_buffer</spirit:modelName>
        <spirit:fileSetRef>
          <spirit:localName>xilinx_vhdlsynthesis_xilinx_com_ip_mult_gen_12_0__ref_view_fileset</spirit:localName>
        </spirit:fileSetRef>
        <spirit:fileSetRef>
          <spirit:localName>xilinx_vhdlsynthesis_xilinx_com_ip_xbip_utils_3_0__ref_view_fileset</spirit:localName>
        </spirit:fileSetRef>
        <spirit:fileSetRef>
          <spirit:localName>xilinx_vhdlsynthesis_xilinx_com_ip_xbip_bram18k_3_0__ref_view_fileset</spirit:localName>
        </spirit:fileSetRef>
        <spirit:fileSetRef>
          <spirit:localName>xilinx_vhdlsynthesis_xilinx_com_ip_xbip_pipe_3_0__ref_view_fileset</spirit:localName>
        </spirit:fileSetRef>
        <spirit:fileSetRef>
          <spirit:localName>xilinx_vhdlsynthesis_xilinx_com_ip_fifo_generator_13_2__ref_view_fileset</spirit:localName>
        </spirit:fileSetRef>
        <spirit:fileSetRef>
          <spirit:localName>xilinx_vhdlsynthesis_xilinx_com_ip_blk_mem_gen_8_4__ref_view_fileset</spirit:localName>
        </spirit:fileSetRef>
        <spirit:fileSetRef>
          <spirit:localName>xilinx_vhdlsynthesis_view_fileset</spirit:localName>
        </spirit:fileSetRef>
        <spirit:parameters>
          <spirit:parameter>
            <spirit:name>viewChecksum</spirit:name>
            <spirit:value>5e679a27</spirit:value>
          </spirit:parameter>
        </spirit:parameters>
      </spirit:view>
      <spirit:view>
        <spirit:name>xilinx_vhdlbehavioralsimulation</spirit:name>
        <spirit:displayName>VHDL Simulation</spirit:displayName>
        <spirit:envIdentifier>vhdlSource:vivado.xilinx.com:simulation</spirit:envIdentifier>
        <spirit:language>vhdl</spirit:language>
        <spirit:modelName>data_buffer</spirit:modelName>
        <spirit:fileSetRef>
          <spirit:localName>xilinx_vhdlbehavioralsimulation_xilinx_com_ip_mult_gen_12_0__ref_view_fileset</spirit:localName>
        </spirit:fileSetRef>
        <spirit:fileSetRef>
          <spirit:localName>xilinx_vhdlbehavioralsimulation_xilinx_com_ip_xbip_utils_3_0__ref_view_fileset</spirit:localName>
        </spirit:fileSetRef>
        <spirit:fileSetRef>
          <spirit:localName>xilinx_vhdlbehavioralsimulation_xilinx_com_ip_xbip_bram18k_3_0__ref_view_fileset</spirit:localName>
        </spirit:fileSetRef>
        <spirit:fileSetRef>
          <spirit:localName>xilinx_vhdlbehavioralsimulation_xilinx_com_ip_xbip_pipe_3_0__ref_view_fileset</spirit:localName>
        </spirit:fileSetRef>
        <spirit:fileSetRef>
          <spirit:localName>xilinx_vhdlbehavioralsimulation_xilinx_com_ip_fifo_generator_13_2__ref_view_fileset</spirit:localName>
        </spirit:fileSetRef>
        <spirit:fileSetRef>
          <spirit:localName>xilinx_vhdlbehavioralsimulation_xilinx_com_ip_blk_mem_gen_8_4__ref_view_fileset</spirit:localName>
        </spirit:fileSetRef>
        <spirit:fileSetRef>
          <spirit:localName>xilinx_vhdlbehavioralsimulation_view_fileset</spirit:localName>
        </spirit:fileSetRef>
        <spirit:parameters>
          <spirit:parameter>
            <spirit:name>viewChecksum</spirit:name>
            <spirit:value>5e679a27</spirit:value>
          </spirit:parameter>
        </spirit:parameters>
      </spirit:view>
      <spirit:view>
        <spirit:name>xilinx_xpgui</spirit:name>
        <spirit:displayName>UI Layout</spirit:displayName>
        <spirit:envIdentifier>:vivado.xilinx.com:xgui.ui</spirit:envIdentifier>
        <spirit:fileSetRef>
          <spirit:localName>xilinx_xpgui_view_fileset</spirit:localName>
        </spirit:fileSetRef>
        <spirit:parameters>
          <spirit:parameter>
            <spirit:name>viewChecksum</spirit:name>
            <spirit:value>f64a5dae</spirit:value>
          </spirit:parameter>
        </spirit:parameters>
      </spirit:view>
      <spirit:view>
        <spirit:name>xilinx_testbench</spirit:name>
        <spirit:displayName>Test Bench</spirit:displayName>
        <spirit:envIdentifier>:vivado.xilinx.com:simulation.testbench</spirit:envIdentifier>
        <spirit:modelName>tb_databuff</spirit:modelName>
        <spirit:fileSetRef>
          <spirit:localName>xilinx_testbench_view_fileset</spirit:localName>
        </spirit:fileSetRef>
        <spirit:parameters>
          <spirit:parameter>
            <spirit:name>viewChecksum</spirit:name>
            <spirit:value>f64a61aa</spirit:value>
          </spirit:parameter>
        </spirit:parameters>
      </spirit:view>
    </spirit:views>
    <spirit:ports>
      <spirit:port>
        <spirit:name>WR_CLK</spirit:name>
        <spirit:wire>
          <spirit:direction>in</spirit:direction>
          <spirit:wireTypeDefs>
            <spirit:wireTypeDef>
              <spirit:typeName>std_logic</spirit:typeName>
              <spirit:viewNameRef>xilinx_vhdlsynthesis</spirit:viewNameRef>
              <spirit:viewNameRef>xilinx_vhdlbehavioralsimulation</spirit:viewNameRef>
            </spirit:wireTypeDef>
          </spirit:wireTypeDefs>
        </spirit:wire>
      </spirit:port>
      <spirit:port>
        <spirit:name>RD_CLK</spirit:name>
        <spirit:wire>
          <spirit:direction>in</spirit:direction>
          <spirit:wireTypeDefs>
            <spirit:wireTypeDef>
              <spirit:typeName>std_logic</spirit:typeName>
              <spirit:viewNameRef>xilinx_vhdlsynthesis</spirit:viewNameRef>
              <spirit:viewNameRef>xilinx_vhdlbehavioralsimulation</spirit:viewNameRef>
            </spirit:wireTypeDef>
          </spirit:wireTypeDefs>
        </spirit:wire>
      </spirit:port>
      <spirit:port>
        <spirit:name>RST_N</spirit:name>
        <spirit:wire>
          <spirit:direction>in</spirit:direction>
          <spirit:wireTypeDefs>
            <spirit:wireTypeDef>
              <spirit:typeName>std_logic</spirit:typeName>
              <spirit:viewNameRef>xilinx_vhdlsynthesis</spirit:viewNameRef>
              <spirit:viewNameRef>xilinx_vhdlbehavioralsimulation</spirit:viewNameRef>
            </spirit:wireTypeDef>
          </spirit:wireTypeDefs>
        </spirit:wire>
      </spirit:port>
      <spirit:port>
        <spirit:name>PL_RST_N</spirit:name>
        <spirit:wire>
          <spirit:direction>in</spirit:direction>
          <spirit:wireTypeDefs>
            <spirit:wireTypeDef>
              <spirit:typeName>std_logic</spirit:typeName>
              <spirit:viewNameRef>xilinx_vhdlsynthesis</spirit:viewNameRef>
              <spirit:viewNameRef>xilinx_vhdlbehavioralsimulation</spirit:viewNameRef>
            </spirit:wireTypeDef>
          </spirit:wireTypeDefs>
        </spirit:wire>
      </spirit:port>
      <spirit:port>
        <spirit:name>IS_STATUS</spirit:name>
        <spirit:wire>
          <spirit:direction>in</spirit:direction>
          <spirit:vector>
            <spirit:left spirit:format="long">6</spirit:left>
            <spirit:right spirit:format="long">0</spirit:right>
          </spirit:vector>
          <spirit:wireTypeDefs>
            <spirit:wireTypeDef>
              <spirit:typeName>std_logic_vector</spirit:typeName>
              <spirit:viewNameRef>xilinx_vhdlsynthesis</spirit:viewNameRef>
              <spirit:viewNameRef>xilinx_vhdlbehavioralsimulation</spirit:viewNameRef>
            </spirit:wireTypeDef>
          </spirit:wireTypeDefs>
        </spirit:wire>
      </spirit:port>
      <spirit:port>
        <spirit:name>DPI_SEL</spirit:name>
        <spirit:wire>
          <spirit:direction>in</spirit:direction>
          <spirit:wireTypeDefs>
            <spirit:wireTypeDef>
              <spirit:typeName>std_logic</spirit:typeName>
              <spirit:viewNameRef>xilinx_vhdlsynthesis</spirit:viewNameRef>
              <spirit:viewNameRef>xilinx_vhdlbehavioralsimulation</spirit:viewNameRef>
            </spirit:wireTypeDef>
          </spirit:wireTypeDefs>
        </spirit:wire>
      </spirit:port>
      <spirit:port>
        <spirit:name>DATA_EN</spirit:name>
        <spirit:wire>
          <spirit:direction>in</spirit:direction>
          <spirit:wireTypeDefs>
            <spirit:wireTypeDef>
              <spirit:typeName>std_logic</spirit:typeName>
              <spirit:viewNameRef>xilinx_vhdlsynthesis</spirit:viewNameRef>
              <spirit:viewNameRef>xilinx_vhdlbehavioralsimulation</spirit:viewNameRef>
            </spirit:wireTypeDef>
          </spirit:wireTypeDefs>
        </spirit:wire>
      </spirit:port>
      <spirit:port>
        <spirit:name>DIN0</spirit:name>
        <spirit:wire>
          <spirit:direction>in</spirit:direction>
          <spirit:vector>
            <spirit:left spirit:format="long">7</spirit:left>
            <spirit:right spirit:format="long">0</spirit:right>
          </spirit:vector>
          <spirit:wireTypeDefs>
            <spirit:wireTypeDef>
              <spirit:typeName>std_logic_vector</spirit:typeName>
              <spirit:viewNameRef>xilinx_vhdlsynthesis</spirit:viewNameRef>
              <spirit:viewNameRef>xilinx_vhdlbehavioralsimulation</spirit:viewNameRef>
            </spirit:wireTypeDef>
          </spirit:wireTypeDefs>
        </spirit:wire>
      </spirit:port>
      <spirit:port>
        <spirit:name>DIN1</spirit:name>
        <spirit:wire>
          <spirit:direction>in</spirit:direction>
          <spirit:vector>
            <spirit:left spirit:format="long">7</spirit:left>
            <spirit:right spirit:format="long">0</spirit:right>
          </spirit:vector>
          <spirit:wireTypeDefs>
            <spirit:wireTypeDef>
              <spirit:typeName>std_logic_vector</spirit:typeName>
              <spirit:viewNameRef>xilinx_vhdlsynthesis</spirit:viewNameRef>
              <spirit:viewNameRef>xilinx_vhdlbehavioralsimulation</spirit:viewNameRef>
            </spirit:wireTypeDef>
          </spirit:wireTypeDefs>
        </spirit:wire>
      </spirit:port>
      <spirit:port>
        <spirit:name>DIN2</spirit:name>
        <spirit:wire>
          <spirit:direction>in</spirit:direction>
          <spirit:vector>
            <spirit:left spirit:format="long">7</spirit:left>
            <spirit:right spirit:format="long">0</spirit:right>
          </spirit:vector>
          <spirit:wireTypeDefs>
            <spirit:wireTypeDef>
              <spirit:typeName>std_logic_vector</spirit:typeName>
              <spirit:viewNameRef>xilinx_vhdlsynthesis</spirit:viewNameRef>
              <spirit:viewNameRef>xilinx_vhdlbehavioralsimulation</spirit:viewNameRef>
            </spirit:wireTypeDef>
          </spirit:wireTypeDefs>
        </spirit:wire>
      </spirit:port>
      <spirit:port>
        <spirit:name>GRY_MODE_DLY</spirit:name>
        <spirit:wire>
          <spirit:direction>in</spirit:direction>
          <spirit:wireTypeDefs>
            <spirit:wireTypeDef>
              <spirit:typeName>std_logic</spirit:typeName>
              <spirit:viewNameRef>xilinx_vhdlsynthesis</spirit:viewNameRef>
              <spirit:viewNameRef>xilinx_vhdlbehavioralsimulation</spirit:viewNameRef>
            </spirit:wireTypeDef>
          </spirit:wireTypeDefs>
        </spirit:wire>
      </spirit:port>
      <spirit:port>
        <spirit:name>DOUT_SOF</spirit:name>
        <spirit:wire>
          <spirit:direction>out</spirit:direction>
          <spirit:wireTypeDefs>
            <spirit:wireTypeDef>
              <spirit:typeName>std_logic</spirit:typeName>
              <spirit:viewNameRef>xilinx_vhdlsynthesis</spirit:viewNameRef>
              <spirit:viewNameRef>xilinx_vhdlbehavioralsimulation</spirit:viewNameRef>
            </spirit:wireTypeDef>
          </spirit:wireTypeDefs>
        </spirit:wire>
      </spirit:port>
      <spirit:port>
        <spirit:name>DOUT_RGB_VALID</spirit:name>
        <spirit:wire>
          <spirit:direction>out</spirit:direction>
          <spirit:wireTypeDefs>
            <spirit:wireTypeDef>
              <spirit:typeName>std_logic</spirit:typeName>
              <spirit:viewNameRef>xilinx_vhdlsynthesis</spirit:viewNameRef>
              <spirit:viewNameRef>xilinx_vhdlbehavioralsimulation</spirit:viewNameRef>
            </spirit:wireTypeDef>
          </spirit:wireTypeDefs>
        </spirit:wire>
      </spirit:port>
      <spirit:port>
        <spirit:name>DOUT</spirit:name>
        <spirit:wire>
          <spirit:direction>out</spirit:direction>
          <spirit:vector>
            <spirit:left spirit:format="long">63</spirit:left>
            <spirit:right spirit:format="long">0</spirit:right>
          </spirit:vector>
          <spirit:wireTypeDefs>
            <spirit:wireTypeDef>
              <spirit:typeName>std_logic_vector</spirit:typeName>
              <spirit:viewNameRef>xilinx_vhdlsynthesis</spirit:viewNameRef>
              <spirit:viewNameRef>xilinx_vhdlbehavioralsimulation</spirit:viewNameRef>
            </spirit:wireTypeDef>
          </spirit:wireTypeDefs>
        </spirit:wire>
      </spirit:port>
    </spirit:ports>
  </spirit:model>
  <spirit:choices>
    <spirit:choice>
      <spirit:name>choice_list_9d8b0d81</spirit:name>
      <spirit:enumeration>ACTIVE_HIGH</spirit:enumeration>
      <spirit:enumeration>ACTIVE_LOW</spirit:enumeration>
    </spirit:choice>
  </spirit:choices>
  <spirit:fileSets>
    <spirit:fileSet>
      <spirit:name>xilinx_vhdlsynthesis_view_fileset</spirit:name>
      <spirit:file>
        <spirit:name>src/fifo_generator_0/fifo_generator_0.xci</spirit:name>
        <spirit:userFileType>xci</spirit:userFileType>
      </spirit:file>
      <spirit:file>
        <spirit:name>src/image_dpram/image_dpram.xci</spirit:name>
        <spirit:userFileType>xci</spirit:userFileType>
      </spirit:file>
      <spirit:file>
        <spirit:name>src/cBlue/cBlue.xci</spirit:name>
        <spirit:userFileType>xci</spirit:userFileType>
      </spirit:file>
      <spirit:file>
        <spirit:name>src/cGreen/cGreen.xci</spirit:name>
        <spirit:userFileType>xci</spirit:userFileType>
      </spirit:file>
      <spirit:file>
        <spirit:name>src/cRed/cRed.xci</spirit:name>
        <spirit:userFileType>xci</spirit:userFileType>
      </spirit:file>
      <spirit:file>
        <spirit:name>src/buff_ctrl.vhd</spirit:name>
        <spirit:fileType>vhdlSource</spirit:fileType>
      </spirit:file>
      <spirit:file>
        <spirit:name>src/is_line_buffer.vhd</spirit:name>
        <spirit:fileType>vhdlSource</spirit:fileType>
      </spirit:file>
      <spirit:file>
        <spirit:name>src/signal_buff.vhd</spirit:name>
        <spirit:fileType>vhdlSource</spirit:fileType>
      </spirit:file>
      <spirit:file>
        <spirit:name>src/white_pixel_cal.vhd</spirit:name>
        <spirit:fileType>vhdlSource</spirit:fileType>
      </spirit:file>
      <spirit:file>
        <spirit:name>src/image_sensor_buff.vhd</spirit:name>
        <spirit:fileType>vhdlSource</spirit:fileType>
        <spirit:userFileType>CHECKSUM_8fe15e4e</spirit:userFileType>
      </spirit:file>
    </spirit:fileSet>
    <spirit:fileSet>
      <spirit:name>xilinx_vhdlsynthesis_xilinx_com_ip_mult_gen_12_0__ref_view_fileset</spirit:name>
      <spirit:vendorExtensions>
        <xilinx:subCoreRef>
          <xilinx:componentRef xsi:type="xilinx:componentRefType" xilinx:vendor="xilinx.com" xilinx:library="ip" xilinx:name="mult_gen" xilinx:version="12.0">
            <xilinx:mode xilinx:name="create_mode"/>
          </xilinx:componentRef>
        </xilinx:subCoreRef>
      </spirit:vendorExtensions>
    </spirit:fileSet>
    <spirit:fileSet>
      <spirit:name>xilinx_vhdlsynthesis_xilinx_com_ip_xbip_utils_3_0__ref_view_fileset</spirit:name>
      <spirit:vendorExtensions>
        <xilinx:subCoreRef>
          <xilinx:componentRef xilinx:vendor="xilinx.com" xilinx:library="ip" xilinx:name="xbip_utils" xilinx:version="3.0">
            <xilinx:mode xilinx:name="copy_mode"/>
          </xilinx:componentRef>
        </xilinx:subCoreRef>
      </spirit:vendorExtensions>
    </spirit:fileSet>
    <spirit:fileSet>
      <spirit:name>xilinx_vhdlsynthesis_xilinx_com_ip_xbip_bram18k_3_0__ref_view_fileset</spirit:name>
      <spirit:vendorExtensions>
        <xilinx:subCoreRef>
          <xilinx:componentRef xilinx:vendor="xilinx.com" xilinx:library="ip" xilinx:name="xbip_bram18k" xilinx:version="3.0">
            <xilinx:mode xilinx:name="copy_mode"/>
          </xilinx:componentRef>
        </xilinx:subCoreRef>
      </spirit:vendorExtensions>
    </spirit:fileSet>
    <spirit:fileSet>
      <spirit:name>xilinx_vhdlsynthesis_xilinx_com_ip_xbip_pipe_3_0__ref_view_fileset</spirit:name>
      <spirit:vendorExtensions>
        <xilinx:subCoreRef>
          <xilinx:componentRef xilinx:vendor="xilinx.com" xilinx:library="ip" xilinx:name="xbip_pipe" xilinx:version="3.0">
            <xilinx:mode xilinx:name="copy_mode"/>
          </xilinx:componentRef>
        </xilinx:subCoreRef>
      </spirit:vendorExtensions>
    </spirit:fileSet>
    <spirit:fileSet>
      <spirit:name>xilinx_vhdlsynthesis_xilinx_com_ip_fifo_generator_13_2__ref_view_fileset</spirit:name>
      <spirit:vendorExtensions>
        <xilinx:subCoreRef>
          <xilinx:componentRef xilinx:vendor="xilinx.com" xilinx:library="ip" xilinx:name="fifo_generator" xilinx:version="13.2">
            <xilinx:mode xilinx:name="create_mode"/>
          </xilinx:componentRef>
        </xilinx:subCoreRef>
      </spirit:vendorExtensions>
    </spirit:fileSet>
    <spirit:fileSet>
      <spirit:name>xilinx_vhdlsynthesis_xilinx_com_ip_blk_mem_gen_8_4__ref_view_fileset</spirit:name>
      <spirit:vendorExtensions>
        <xilinx:subCoreRef>
          <xilinx:componentRef xilinx:vendor="xilinx.com" xilinx:library="ip" xilinx:name="blk_mem_gen" xilinx:version="8.4">
            <xilinx:mode xilinx:name="create_mode"/>
          </xilinx:componentRef>
        </xilinx:subCoreRef>
      </spirit:vendorExtensions>
    </spirit:fileSet>
    <spirit:fileSet>
      <spirit:name>xilinx_vhdlbehavioralsimulation_view_fileset</spirit:name>
      <spirit:file>
        <spirit:name>src/fifo_generator_0/fifo_generator_0.xci</spirit:name>
        <spirit:userFileType>xci</spirit:userFileType>
      </spirit:file>
      <spirit:file>
        <spirit:name>src/image_dpram/image_dpram.xci</spirit:name>
        <spirit:userFileType>xci</spirit:userFileType>
      </spirit:file>
      <spirit:file>
        <spirit:name>src/cBlue/cBlue.xci</spirit:name>
        <spirit:userFileType>xci</spirit:userFileType>
      </spirit:file>
      <spirit:file>
        <spirit:name>src/cGreen/cGreen.xci</spirit:name>
        <spirit:userFileType>xci</spirit:userFileType>
      </spirit:file>
      <spirit:file>
        <spirit:name>src/cRed/cRed.xci</spirit:name>
        <spirit:userFileType>xci</spirit:userFileType>
      </spirit:file>
      <spirit:file>
        <spirit:name>src/buff_ctrl.vhd</spirit:name>
        <spirit:fileType>vhdlSource</spirit:fileType>
      </spirit:file>
      <spirit:file>
        <spirit:name>src/is_line_buffer.vhd</spirit:name>
        <spirit:fileType>vhdlSource</spirit:fileType>
      </spirit:file>
      <spirit:file>
        <spirit:name>src/signal_buff.vhd</spirit:name>
        <spirit:fileType>vhdlSource</spirit:fileType>
      </spirit:file>
      <spirit:file>
        <spirit:name>src/white_pixel_cal.vhd</spirit:name>
        <spirit:fileType>vhdlSource</spirit:fileType>
      </spirit:file>
      <spirit:file>
        <spirit:name>src/image_sensor_buff.vhd</spirit:name>
        <spirit:fileType>vhdlSource</spirit:fileType>
      </spirit:file>
    </spirit:fileSet>
    <spirit:fileSet>
      <spirit:name>xilinx_vhdlbehavioralsimulation_xilinx_com_ip_mult_gen_12_0__ref_view_fileset</spirit:name>
      <spirit:vendorExtensions>
        <xilinx:subCoreRef>
          <xilinx:componentRef xilinx:vendor="xilinx.com" xilinx:library="ip" xilinx:name="mult_gen" xilinx:version="12.0">
            <xilinx:mode xilinx:name="create_mode"/>
          </xilinx:componentRef>
        </xilinx:subCoreRef>
      </spirit:vendorExtensions>
    </spirit:fileSet>
    <spirit:fileSet>
      <spirit:name>xilinx_vhdlbehavioralsimulation_xilinx_com_ip_xbip_utils_3_0__ref_view_fileset</spirit:name>
      <spirit:vendorExtensions>
        <xilinx:subCoreRef>
          <xilinx:componentRef xilinx:vendor="xilinx.com" xilinx:library="ip" xilinx:name="xbip_utils" xilinx:version="3.0">
            <xilinx:mode xilinx:name="copy_mode"/>
          </xilinx:componentRef>
        </xilinx:subCoreRef>
      </spirit:vendorExtensions>
    </spirit:fileSet>
    <spirit:fileSet>
      <spirit:name>xilinx_vhdlbehavioralsimulation_xilinx_com_ip_xbip_bram18k_3_0__ref_view_fileset</spirit:name>
      <spirit:vendorExtensions>
        <xilinx:subCoreRef>
          <xilinx:componentRef xilinx:vendor="xilinx.com" xilinx:library="ip" xilinx:name="xbip_bram18k" xilinx:version="3.0">
            <xilinx:mode xilinx:name="copy_mode"/>
          </xilinx:componentRef>
        </xilinx:subCoreRef>
      </spirit:vendorExtensions>
    </spirit:fileSet>
    <spirit:fileSet>
      <spirit:name>xilinx_vhdlbehavioralsimulation_xilinx_com_ip_xbip_pipe_3_0__ref_view_fileset</spirit:name>
      <spirit:vendorExtensions>
        <xilinx:subCoreRef>
          <xilinx:componentRef xilinx:vendor="xilinx.com" xilinx:library="ip" xilinx:name="xbip_pipe" xilinx:version="3.0">
            <xilinx:mode xilinx:name="copy_mode"/>
          </xilinx:componentRef>
        </xilinx:subCoreRef>
      </spirit:vendorExtensions>
    </spirit:fileSet>
    <spirit:fileSet>
      <spirit:name>xilinx_vhdlbehavioralsimulation_xilinx_com_ip_fifo_generator_13_2__ref_view_fileset</spirit:name>
      <spirit:vendorExtensions>
        <xilinx:subCoreRef>
          <xilinx:componentRef xilinx:vendor="xilinx.com" xilinx:library="ip" xilinx:name="fifo_generator" xilinx:version="13.2">
            <xilinx:mode xilinx:name="create_mode"/>
          </xilinx:componentRef>
        </xilinx:subCoreRef>
      </spirit:vendorExtensions>
    </spirit:fileSet>
    <spirit:fileSet>
      <spirit:name>xilinx_vhdlbehavioralsimulation_xilinx_com_ip_blk_mem_gen_8_4__ref_view_fileset</spirit:name>
      <spirit:vendorExtensions>
        <xilinx:subCoreRef>
          <xilinx:componentRef xilinx:vendor="xilinx.com" xilinx:library="ip" xilinx:name="blk_mem_gen" xilinx:version="8.4">
            <xilinx:mode xilinx:name="create_mode"/>
          </xilinx:componentRef>
        </xilinx:subCoreRef>
      </spirit:vendorExtensions>
    </spirit:fileSet>
    <spirit:fileSet>
      <spirit:name>xilinx_xpgui_view_fileset</spirit:name>
      <spirit:file>
        <spirit:name>xgui/data_buffer_v1_0.tcl</spirit:name>
        <spirit:fileType>tclSource</spirit:fileType>
        <spirit:userFileType>CHECKSUM_f64a5dae</spirit:userFileType>
        <spirit:userFileType>XGUI_VERSION_2</spirit:userFileType>
      </spirit:file>
    </spirit:fileSet>
    <spirit:fileSet>
      <spirit:name>xilinx_testbench_view_fileset</spirit:name>
      <spirit:file>
        <spirit:name>src/tb_databuff.vhd</spirit:name>
        <spirit:fileType>vhdlSource</spirit:fileType>
        <spirit:userFileType>USED_IN_simulation</spirit:userFileType>
        <spirit:userFileType>USED_IN_testbench</spirit:userFileType>
      </spirit:file>
    </spirit:fileSet>
  </spirit:fileSets>
  <spirit:description>data_buffer_v1_0</spirit:description>
  <spirit:parameters>
    <spirit:parameter>
      <spirit:name>Component_Name</spirit:name>
      <spirit:value spirit:resolve="user" spirit:id="PARAM_VALUE.Component_Name" spirit:order="1">data_buffer_v1_0</spirit:value>
    </spirit:parameter>
  </spirit:parameters>
  <spirit:vendorExtensions>
    <xilinx:coreExtensions>
      <xilinx:supportedFamilies>
        <xilinx:family xilinx:lifeCycle="Production">zynq</xilinx:family>
      </xilinx:supportedFamilies>
      <xilinx:taxonomies>
        <xilinx:taxonomy>/BaseIP</xilinx:taxonomy>
      </xilinx:taxonomies>
      <xilinx:displayName>data_buffer_v1_0</xilinx:displayName>
      <xilinx:coreRevision>42</xilinx:coreRevision>
      <xilinx:coreCreationDateTime>2024-07-11T07:43:12Z</xilinx:coreCreationDateTime>
      <xilinx:tags>
        <xilinx:tag xilinx:name="xilinx.com:ip:data_buffer:1.0_ARCHIVE_LOCATION">e:/iH110F_iZynq/Zynq_IP/ip_repo_cis/xilinx.com_ip_data_buffer_1.0</xilinx:tag>
        <xilinx:tag xilinx:name="ui.data.coregen.dd@1dfee28e_ARCHIVE_LOCATION">e:/iH110F_iZynq/Zynq_IP/ip_repo_cis/xilinx.com_ip_data_buffer_1.0</xilinx:tag>
        <xilinx:tag xilinx:name="ui.data.coregen.dd@5f6d79da_ARCHIVE_LOCATION">e:/iH110F_iZynq/Zynq_IP/ip_repo_cis/xilinx.com_ip_data_buffer_1.0</xilinx:tag>
        <xilinx:tag xilinx:name="ui.data.coregen.dd@12964278_ARCHIVE_LOCATION">e:/iH110F_iZynq/Zynq_IP/ip_repo_cis/xilinx.com_ip_data_buffer_1.0</xilinx:tag>
        <xilinx:tag xilinx:name="ui.data.coregen.dd@34a3c94b_ARCHIVE_LOCATION">e:/iH110F_iZynq/Zynq_IP/ip_repo_cis/xilinx.com_ip_data_buffer_1.0</xilinx:tag>
        <xilinx:tag xilinx:name="ui.data.coregen.dd@36d735dd_ARCHIVE_LOCATION">e:/iH110F_iZynq/Zynq_IP/ip_repo_cis/xilinx.com_ip_data_buffer_1.0</xilinx:tag>
        <xilinx:tag xilinx:name="ui.data.coregen.dd@3a40413_ARCHIVE_LOCATION">e:/iH110F_iZynq/Zynq_IP/ip_repo_cis/xilinx.com_ip_data_buffer_1.0</xilinx:tag>
        <xilinx:tag xilinx:name="ui.data.coregen.dd@8211d0f_ARCHIVE_LOCATION">e:/iH110F_iZynq/Zynq_IP/ip_repo_cis/xilinx.com_ip_data_buffer_1.0</xilinx:tag>
        <xilinx:tag xilinx:name="ui.data.coregen.dd@7acb072c_ARCHIVE_LOCATION">e:/iH110F_iZynq/Zynq_IP/ip_repo_cis/xilinx.com_ip_data_buffer_1.0</xilinx:tag>
        <xilinx:tag xilinx:name="ui.data.coregen.dd@4da7de3b_ARCHIVE_LOCATION">e:/iH110F_iZynq/Zynq_IP/ip_repo_cis/xilinx.com_ip_data_buffer_1.0</xilinx:tag>
        <xilinx:tag xilinx:name="ui.data.coregen.dd@f110420_ARCHIVE_LOCATION">e:/iH110F_iZynq/Zynq_IP/ip_repo_cis/xilinx.com_ip_data_buffer_1.0</xilinx:tag>
        <xilinx:tag xilinx:name="ui.data.coregen.dd@2e4c63da_ARCHIVE_LOCATION">e:/iH110F_iZynq/Zynq_IP/ip_repo_cis/xilinx.com_ip_data_buffer_1.0</xilinx:tag>
        <xilinx:tag xilinx:name="ui.data.coregen.dd@6c40de17_ARCHIVE_LOCATION">e:/iH110F_iZynq/Zynq_IP/ip_repo_cis/xilinx.com_ip_data_buffer_1.0</xilinx:tag>
        <xilinx:tag xilinx:name="ui.data.coregen.dd@e027f84_ARCHIVE_LOCATION">e:/iH110F_iZynq/Zynq_IP/ip_repo_cis/xilinx.com_ip_data_buffer_1.0</xilinx:tag>
        <xilinx:tag xilinx:name="ui.data.coregen.dd@212a882a_ARCHIVE_LOCATION">e:/iH110F_iZynq/Zynq_IP/ip_repo_cis/xilinx.com_ip_data_buffer_1.0</xilinx:tag>
        <xilinx:tag xilinx:name="ui.data.coregen.dd@32fa233f_ARCHIVE_LOCATION">e:/iH110F_iZynq/Zynq_IP/ip_repo_cis/xilinx.com_ip_data_buffer_1.0</xilinx:tag>
        <xilinx:tag xilinx:name="ui.data.coregen.dd@4de4f63d_ARCHIVE_LOCATION">e:/iH110F_iZynq/Zynq_IP/ip_repo_cis/xilinx.com_ip_data_buffer_1.0</xilinx:tag>
        <xilinx:tag xilinx:name="ui.data.coregen.dd@65fe1667_ARCHIVE_LOCATION">e:/iH110F_iZynq/Zynq_IP/ip_repo_cis/xilinx.com_ip_data_buffer_1.0</xilinx:tag>
        <xilinx:tag xilinx:name="ui.data.coregen.dd@375bda6e_ARCHIVE_LOCATION">e:/iH110F_iZynq/Zynq_IP/ip_repo_cis/xilinx.com_ip_data_buffer_1.0</xilinx:tag>
        <xilinx:tag xilinx:name="ui.data.coregen.dd@3d94ee8d_ARCHIVE_LOCATION">e:/iH110F_iZynq/Zynq_IP/ip_repo_cis/xilinx.com_ip_data_buffer_1.0</xilinx:tag>
        <xilinx:tag xilinx:name="ui.data.coregen.dd@479f7b31_ARCHIVE_LOCATION">e:/iH110F_iZynq/Zynq_IP/ip_repo_cis/xilinx.com_ip_data_buffer_1.0</xilinx:tag>
        <xilinx:tag xilinx:name="ui.data.coregen.dd@3f607f45_ARCHIVE_LOCATION">e:/iH110F_iZynq/Zynq_IP/ip_repo_cis/xilinx.com_ip_data_buffer_1.0</xilinx:tag>
        <xilinx:tag xilinx:name="ui.data.coregen.dd@3ceacba_ARCHIVE_LOCATION">e:/iH110F_iZynq/Zynq_IP/ip_repo_cis/xilinx.com_ip_data_buffer_1.0</xilinx:tag>
        <xilinx:tag xilinx:name="ui.data.coregen.dd@2d50de3a_ARCHIVE_LOCATION">e:/iH110F_iZynq/Zynq_IP/ip_repo_cis/xilinx.com_ip_data_buffer_1.0</xilinx:tag>
        <xilinx:tag xilinx:name="ui.data.coregen.dd@6e40e3b6_ARCHIVE_LOCATION">e:/iH110F_iZynq/Zynq_IP/ip_repo_cis/xilinx.com_ip_data_buffer_1.0</xilinx:tag>
        <xilinx:tag xilinx:name="ui.data.coregen.dd@58b8ca23_ARCHIVE_LOCATION">e:/iH110F_iZynq/Zynq_IP/ip_repo_cis/xilinx.com_ip_data_buffer_1.0</xilinx:tag>
        <xilinx:tag xilinx:name="ui.data.coregen.dd@53c18592_ARCHIVE_LOCATION">e:/iH110F_iZynq/Zynq_IP/ip_repo_cis/xilinx.com_ip_data_buffer_1.0</xilinx:tag>
        <xilinx:tag xilinx:name="ui.data.coregen.dd@8bf047a_ARCHIVE_LOCATION">e:/iH110F_iZynq/Zynq_IP/ip_repo_cis/xilinx.com_ip_data_buffer_1.0</xilinx:tag>
        <xilinx:tag xilinx:name="ui.data.coregen.dd@10472f46_ARCHIVE_LOCATION">e:/iH110F_iZynq/Zynq_IP/ip_repo_cis/xilinx.com_ip_data_buffer_1.0</xilinx:tag>
        <xilinx:tag xilinx:name="ui.data.coregen.dd@e651939_ARCHIVE_LOCATION">e:/iH110F_iZynq/Zynq_IP/ip_repo_cis/xilinx.com_ip_data_buffer_1.0</xilinx:tag>
        <xilinx:tag xilinx:name="ui.data.coregen.dd@3e57e727_ARCHIVE_LOCATION">e:/iH110F_iZynq/Zynq_IP/ip_repo_cis/xilinx.com_ip_data_buffer_1.0</xilinx:tag>
        <xilinx:tag xilinx:name="ui.data.coregen.dd@7d28debc_ARCHIVE_LOCATION">e:/iH110F_iZynq/Zynq_IP/ip_repo_cis/xilinx.com_ip_data_buffer_1.0</xilinx:tag>
        <xilinx:tag xilinx:name="ui.data.coregen.dd@136cbc5b_ARCHIVE_LOCATION">e:/iH110F_iZynq/Zynq_IP/ip_repo_cis/xilinx.com_ip_data_buffer_1.0</xilinx:tag>
        <xilinx:tag xilinx:name="ui.data.coregen.dd@52e0080e_ARCHIVE_LOCATION">e:/iH110F_iZynq/Zynq_IP/ip_repo_cis/xilinx.com_ip_data_buffer_1.0</xilinx:tag>
        <xilinx:tag xilinx:name="ui.data.coregen.dd@18bbc984_ARCHIVE_LOCATION">e:/iH110F_iZynq/Zynq_IP/ip_repo_cis/xilinx.com_ip_data_buffer_1.0</xilinx:tag>
        <xilinx:tag xilinx:name="ui.data.coregen.dd@14f88709_ARCHIVE_LOCATION">e:/iH110F_iZynq/Zynq_IP/ip_repo_cis/xilinx.com_ip_data_buffer_1.0</xilinx:tag>
        <xilinx:tag xilinx:name="ui.data.coregen.dd@182a531_ARCHIVE_LOCATION">e:/iH110F_iZynq/Zynq_IP/ip_repo_cis/xilinx.com_ip_data_buffer_1.0</xilinx:tag>
        <xilinx:tag xilinx:name="ui.data.coregen.dd@789b93d9_ARCHIVE_LOCATION">e:/iH110F_iZynq/Zynq_IP/ip_repo_cis/xilinx.com_ip_data_buffer_1.0</xilinx:tag>
        <xilinx:tag xilinx:name="ui.data.coregen.dd@42689f6d_ARCHIVE_LOCATION">e:/iH110F_iZynq/Zynq_IP/ip_repo_cis/xilinx.com_ip_data_buffer_1.0</xilinx:tag>
        <xilinx:tag xilinx:name="ui.data.coregen.dd@68db16b7_ARCHIVE_LOCATION">e:/iH110F_iZynq/Zynq_IP/ip_repo_cis/xilinx.com_ip_data_buffer_1.0</xilinx:tag>
        <xilinx:tag xilinx:name="ui.data.coregen.dd@4ee1d6e8_ARCHIVE_LOCATION">e:/iH110F_iZynq/Zynq_IP/ip_repo_cis/xilinx.com_ip_data_buffer_1.0</xilinx:tag>
        <xilinx:tag xilinx:name="ui.data.coregen.dd@1800f3f2_ARCHIVE_LOCATION">e:/iH110F_iZynq/Zynq_IP/ip_repo_cis/xilinx.com_ip_data_buffer_1.0</xilinx:tag>
        <xilinx:tag xilinx:name="ui.data.coregen.dd@369afb9d_ARCHIVE_LOCATION">e:/iH110F_iZynq/Zynq_IP/ip_repo_cis/xilinx.com_ip_data_buffer_1.0</xilinx:tag>
        <xilinx:tag xilinx:name="ui.data.coregen.dd@6dfcfb3b_ARCHIVE_LOCATION">e:/iH110F_iZynq/Zynq_IP/ip_repo_cis/xilinx.com_ip_data_buffer_1.0</xilinx:tag>
        <xilinx:tag xilinx:name="ui.data.coregen.dd@dea0487_ARCHIVE_LOCATION">e:/iH110F_iZynq/Zynq_IP/ip_repo_cis/xilinx.com_ip_data_buffer_1.0</xilinx:tag>
        <xilinx:tag xilinx:name="ui.data.coregen.dd@2821f4f9_ARCHIVE_LOCATION">e:/iH110F_iZynq/Zynq_IP/ip_repo_cis/xilinx.com_ip_data_buffer_1.0</xilinx:tag>
        <xilinx:tag xilinx:name="ui.data.coregen.dd@3513bd56_ARCHIVE_LOCATION">e:/iH110F_iZynq/Zynq_IP/ip_repo_cis/xilinx.com_ip_data_buffer_1.0</xilinx:tag>
        <xilinx:tag xilinx:name="ui.data.coregen.dd@62c01899_ARCHIVE_LOCATION">e:/iH110F_iZynq/Zynq_IP/ip_repo_cis/xilinx.com_ip_data_buffer_1.0</xilinx:tag>
        <xilinx:tag xilinx:name="ui.data.coregen.dd@74f8787c_ARCHIVE_LOCATION">e:/iH110F_iZynq/Zynq_IP/ip_repo_cis/xilinx.com_ip_data_buffer_1.0</xilinx:tag>
        <xilinx:tag xilinx:name="ui.data.coregen.dd@2e70e38c_ARCHIVE_LOCATION">e:/iH110F_iZynq/Zynq_IP/ip_repo_cis/xilinx.com_ip_data_buffer_1.0</xilinx:tag>
        <xilinx:tag xilinx:name="ui.data.coregen.dd@5d37a189_ARCHIVE_LOCATION">e:/iH110F_iZynq/Zynq_IP/ip_repo_cis/xilinx.com_ip_data_buffer_1.0</xilinx:tag>
        <xilinx:tag xilinx:name="ui.data.coregen.dd@7d388205_ARCHIVE_LOCATION">e:/iH110F_iZynq/Zynq_IP/ip_repo_cis/xilinx.com_ip_data_buffer_1.0</xilinx:tag>
        <xilinx:tag xilinx:name="ui.data.coregen.dd@73350753_ARCHIVE_LOCATION">e:/iH110F_iZynq/Zynq_IP/ip_repo_cis/xilinx.com_ip_data_buffer_1.0</xilinx:tag>
        <xilinx:tag xilinx:name="ui.data.coregen.dd@11d8d5d7_ARCHIVE_LOCATION">e:/iH110F_iZynq/Zynq_IP/ip_repo_cis/xilinx.com_ip_data_buffer_1.0</xilinx:tag>
        <xilinx:tag xilinx:name="ui.data.coregen.dd@7a4fca5b_ARCHIVE_LOCATION">e:/iH110F_iZynq/Zynq_IP/ip_repo_cis/xilinx.com_ip_data_buffer_1.0</xilinx:tag>
        <xilinx:tag xilinx:name="ui.data.coregen.dd@56da227b_ARCHIVE_LOCATION">e:/iH110F_iZynq/Zynq_IP/ip_repo_cis/xilinx.com_ip_data_buffer_1.0</xilinx:tag>
        <xilinx:tag xilinx:name="ui.data.coregen.dd@1d6a1693_ARCHIVE_LOCATION">e:/iH110F_iZynq/Zynq_IP/ip_repo_cis/xilinx.com_ip_data_buffer_1.0</xilinx:tag>
        <xilinx:tag xilinx:name="ui.data.coregen.dd@63fca51_ARCHIVE_LOCATION">e:/iH110F_iZynq/Zynq_IP/ip_repo_cis/xilinx.com_ip_data_buffer_1.0</xilinx:tag>
        <xilinx:tag xilinx:name="ui.data.coregen.dd@160d06_ARCHIVE_LOCATION">e:/iH110F_iZynq/Zynq_IP/ip_repo_cis/xilinx.com_ip_data_buffer_1.0</xilinx:tag>
        <xilinx:tag xilinx:name="ui.data.coregen.dd@109e7529_ARCHIVE_LOCATION">e:/iH110F_iZynq/Zynq_IP/ip_repo_cis/xilinx.com_ip_data_buffer_1.0</xilinx:tag>
        <xilinx:tag xilinx:name="ui.data.coregen.dd@34bfb68c_ARCHIVE_LOCATION">e:/iH110F_iZynq/Zynq_IP/ip_repo_cis/xilinx.com_ip_data_buffer_1.0</xilinx:tag>
        <xilinx:tag xilinx:name="ui.data.coregen.dd@69417fcc_ARCHIVE_LOCATION">e:/iH110F_iZynq/Zynq_IP/ip_repo_cis/xilinx.com_ip_data_buffer_1.0</xilinx:tag>
        <xilinx:tag xilinx:name="ui.data.coregen.dd@364382bc_ARCHIVE_LOCATION">e:/iH110F_iZynq/Zynq_IP/ip_repo_cis/xilinx.com_ip_data_buffer_1.0</xilinx:tag>
        <xilinx:tag xilinx:name="ui.data.coregen.dd@ca698ab_ARCHIVE_LOCATION">e:/iH110F_iZynq/Zynq_IP/ip_repo_cis/xilinx.com_ip_data_buffer_1.0</xilinx:tag>
        <xilinx:tag xilinx:name="ui.data.coregen.dd@3343b4b0_ARCHIVE_LOCATION">e:/iH110F_iZynq/Zynq_IP/ip_repo_cis/xilinx.com_ip_data_buffer_1.0</xilinx:tag>
        <xilinx:tag xilinx:name="ui.data.coregen.dd@2cc317a4_ARCHIVE_LOCATION">e:/iH110F_iZynq/Zynq_IP/ip_repo_cis/xilinx.com_ip_data_buffer_1.0</xilinx:tag>
        <xilinx:tag xilinx:name="ui.data.coregen.dd@383a3aee_ARCHIVE_LOCATION">e:/iH110F_iZynq/Zynq_IP/ip_repo_cis/xilinx.com_ip_data_buffer_1.0</xilinx:tag>
        <xilinx:tag xilinx:name="ui.data.coregen.dd@62c62dcf_ARCHIVE_LOCATION">e:/iH110F_iZynq/Zynq_IP/ip_repo_cis/xilinx.com_ip_data_buffer_1.0</xilinx:tag>
        <xilinx:tag xilinx:name="ui.data.coregen.dd@1783e57c_ARCHIVE_LOCATION">e:/iH110F_iZynq/Zynq_IP/ip_repo_cis/xilinx.com_ip_data_buffer_1.0</xilinx:tag>
        <xilinx:tag xilinx:name="ui.data.coregen.dd@5c2b939d_ARCHIVE_LOCATION">e:/iH110F_iZynq/Zynq_IP/ip_repo_cis/xilinx.com_ip_data_buffer_1.0</xilinx:tag>
        <xilinx:tag xilinx:name="ui.data.coregen.dd@6812ec5b_ARCHIVE_LOCATION">e:/iH110F_iZynq/Zynq_IP/ip_repo_cis/xilinx.com_ip_data_buffer_1.0</xilinx:tag>
        <xilinx:tag xilinx:name="ui.data.coregen.dd@382b3a4a_ARCHIVE_LOCATION">e:/iH110F_iZynq/Zynq_IP/ip_repo_cis/xilinx.com_ip_data_buffer_1.0</xilinx:tag>
        <xilinx:tag xilinx:name="ui.data.coregen.dd@553e4f81_ARCHIVE_LOCATION">e:/iH110F_iZynq/Zynq_IP/ip_repo_cis/xilinx.com_ip_data_buffer_1.0</xilinx:tag>
        <xilinx:tag xilinx:name="ui.data.coregen.dd@69d4d38e_ARCHIVE_LOCATION">e:/iH110F_iZynq/Zynq_IP/ip_repo_cis/xilinx.com_ip_data_buffer_1.0</xilinx:tag>
        <xilinx:tag xilinx:name="ui.data.coregen.dd@2e91c656_ARCHIVE_LOCATION">e:/iH110F_iZynq/Zynq_IP/ip_repo_cis/xilinx.com_ip_data_buffer_1.0</xilinx:tag>
        <xilinx:tag xilinx:name="ui.data.coregen.dd@55299a5f_ARCHIVE_LOCATION">e:/iH110F_iZynq/Zynq_IP/ip_repo_cis/xilinx.com_ip_data_buffer_1.0</xilinx:tag>
        <xilinx:tag xilinx:name="ui.data.coregen.dd@4606647e_ARCHIVE_LOCATION">e:/iH110F_iZynq/Zynq_IP/ip_repo_cis/xilinx.com_ip_data_buffer_1.0</xilinx:tag>
        <xilinx:tag xilinx:name="ui.data.coregen.dd@6e4056d3_ARCHIVE_LOCATION">e:/iH110F_iZynq/Zynq_IP/ip_repo_cis/xilinx.com_ip_data_buffer_1.0</xilinx:tag>
        <xilinx:tag xilinx:name="ui.data.coregen.dd@1c1cd9a2_ARCHIVE_LOCATION">e:/iH110F_iZynq/Zynq_IP/ip_repo_cis/xilinx.com_ip_data_buffer_1.0</xilinx:tag>
        <xilinx:tag xilinx:name="ui.data.coregen.dd@4ecf5007_ARCHIVE_LOCATION">e:/iH110F_iZynq/Zynq_IP/ip_repo_cis/xilinx.com_ip_data_buffer_1.0</xilinx:tag>
        <xilinx:tag xilinx:name="ui.data.coregen.dd@4023d537_ARCHIVE_LOCATION">e:/iH110F_iZynq/Zynq_IP/ip_repo_cis/xilinx.com_ip_data_buffer_1.0</xilinx:tag>
        <xilinx:tag xilinx:name="ui.data.coregen.dd@476ab3c6_ARCHIVE_LOCATION">e:/iH110F_iZynq/Zynq_IP/ip_repo_cis/xilinx.com_ip_data_buffer_1.0</xilinx:tag>
        <xilinx:tag xilinx:name="ui.data.coregen.dd@bab6631_ARCHIVE_LOCATION">e:/iH110F_iZynq/Zynq_IP/ip_repo_cis/xilinx.com_ip_data_buffer_1.0</xilinx:tag>
        <xilinx:tag xilinx:name="ui.data.coregen.dd@61e48a68_ARCHIVE_LOCATION">e:/iH110F_iZynq/Zynq_IP/ip_repo_cis/xilinx.com_ip_data_buffer_1.0</xilinx:tag>
        <xilinx:tag xilinx:name="ui.data.coregen.dd@6eff69a7_ARCHIVE_LOCATION">e:/iH110F_iZynq/Zynq_IP/ip_repo_cis/xilinx.com_ip_data_buffer_1.0</xilinx:tag>
        <xilinx:tag xilinx:name="ui.data.coregen.dd@260f7652_ARCHIVE_LOCATION">e:/iH110F_iZynq/Zynq_IP/ip_repo_cis/xilinx.com_ip_data_buffer_1.0</xilinx:tag>
        <xilinx:tag xilinx:name="ui.data.coregen.dd@1ee4483a_ARCHIVE_LOCATION">e:/iH110F_iZynq/Zynq_IP/ip_repo_cis/xilinx.com_ip_data_buffer_1.0</xilinx:tag>
        <xilinx:tag xilinx:name="ui.data.coregen.dd@58115732_ARCHIVE_LOCATION">e:/iH110F_iZynq/Zynq_IP/ip_repo_cis/xilinx.com_ip_data_buffer_1.0</xilinx:tag>
        <xilinx:tag xilinx:name="ui.data.coregen.dd@2111501c_ARCHIVE_LOCATION">e:/iH110F_iZynq/Zynq_IP/ip_repo_cis/xilinx.com_ip_data_buffer_1.0</xilinx:tag>
        <xilinx:tag xilinx:name="ui.data.coregen.dd@ff023be_ARCHIVE_LOCATION">e:/iH110F_iZynq/Zynq_IP/ip_repo_cis/xilinx.com_ip_data_buffer_1.0</xilinx:tag>
        <xilinx:tag xilinx:name="ui.data.coregen.dd@402b27de_ARCHIVE_LOCATION">e:/iH110F_iZynq/Zynq_IP/ip_repo_cis/xilinx.com_ip_data_buffer_1.0</xilinx:tag>
        <xilinx:tag xilinx:name="ui.data.coregen.dd@56070923_ARCHIVE_LOCATION">e:/iH110F_iZynq/Zynq_IP/ip_repo_cis/xilinx.com_ip_data_buffer_1.0</xilinx:tag>
        <xilinx:tag xilinx:name="ui.data.coregen.dd@5d1b7785_ARCHIVE_LOCATION">e:/iH110F_iZynq/Zynq_IP/ip_repo_cis/xilinx.com_ip_data_buffer_1.0</xilinx:tag>
        <xilinx:tag xilinx:name="ui.data.coregen.dd@1fa50199_ARCHIVE_LOCATION">e:/iH110F_iZynq/Zynq_IP/ip_repo_cis/xilinx.com_ip_data_buffer_1.0</xilinx:tag>
        <xilinx:tag xilinx:name="ui.data.coregen.dd@42fda68a_ARCHIVE_LOCATION">e:/iH110F_iZynq/Zynq_IP/ip_repo_cis/xilinx.com_ip_data_buffer_1.0</xilinx:tag>
        <xilinx:tag xilinx:name="ui.data.coregen.dd@740ec527_ARCHIVE_LOCATION">e:/iH110F_iZynq/Zynq_IP/ip_repo_cis/xilinx.com_ip_data_buffer_1.0</xilinx:tag>
        <xilinx:tag xilinx:name="ui.data.coregen.dd@14858b8b_ARCHIVE_LOCATION">e:/iH110F_iZynq/Zynq_IP/ip_repo_cis/xilinx.com_ip_data_buffer_1.0</xilinx:tag>
        <xilinx:tag xilinx:name="ui.data.coregen.dd@675b4cb8_ARCHIVE_LOCATION">e:/iH110F_iZynq/Zynq_IP/ip_repo_cis/xilinx.com_ip_data_buffer_1.0</xilinx:tag>
        <xilinx:tag xilinx:name="ui.data.coregen.dd@50adc2ae_ARCHIVE_LOCATION">e:/iH110F_iZynq/Zynq_IP/ip_repo_cis/xilinx.com_ip_data_buffer_1.0</xilinx:tag>
        <xilinx:tag xilinx:name="ui.data.coregen.dd@2670380d_ARCHIVE_LOCATION">e:/iH110F_iZynq/Zynq_IP/ip_repo_cis/xilinx.com_ip_data_buffer_1.0</xilinx:tag>
        <xilinx:tag xilinx:name="ui.data.coregen.dd@38e98e9d_ARCHIVE_LOCATION">e:/iH110F_iZynq/Zynq_IP/ip_repo_cis/xilinx.com_ip_data_buffer_1.0</xilinx:tag>
        <xilinx:tag xilinx:name="ui.data.coregen.dd@388685ea_ARCHIVE_LOCATION">e:/iH110F_iZynq/Zynq_IP/ip_repo_cis/xilinx.com_ip_data_buffer_1.0</xilinx:tag>
        <xilinx:tag xilinx:name="ui.data.coregen.dd@27c19408_ARCHIVE_LOCATION">e:/iH110F_iZynq/Zynq_IP/ip_repo_cis/xilinx.com_ip_data_buffer_1.0</xilinx:tag>
        <xilinx:tag xilinx:name="ui.data.coregen.dd@338710c8_ARCHIVE_LOCATION">e:/iH110F_iZynq/Zynq_IP/ip_repo_cis/xilinx.com_ip_data_buffer_1.0</xilinx:tag>
        <xilinx:tag xilinx:name="ui.data.coregen.dd@13845419_ARCHIVE_LOCATION">e:/iH110F_iZynq/Zynq_IP/ip_repo_cis/xilinx.com_ip_data_buffer_1.0</xilinx:tag>
        <xilinx:tag xilinx:name="ui.data.coregen.dd@17270b0a_ARCHIVE_LOCATION">e:/iH110F_iZynq/Zynq_IP/ip_repo_cis/xilinx.com_ip_data_buffer_1.0</xilinx:tag>
        <xilinx:tag xilinx:name="ui.data.coregen.dd@3773c548_ARCHIVE_LOCATION">e:/iH110F_iZynq/Zynq_IP/ip_repo_cis/xilinx.com_ip_data_buffer_1.0</xilinx:tag>
        <xilinx:tag xilinx:name="ui.data.coregen.dd@3d0574e7_ARCHIVE_LOCATION">e:/iH110F_iZynq/Zynq_IP/ip_repo_cis/xilinx.com_ip_data_buffer_1.0</xilinx:tag>
        <xilinx:tag xilinx:name="ui.data.coregen.dd@7bfa1128_ARCHIVE_LOCATION">e:/iH110F_iZynq/Zynq_IP/ip_repo_cis/xilinx.com_ip_data_buffer_1.0</xilinx:tag>
        <xilinx:tag xilinx:name="ui.data.coregen.dd@63e64a44_ARCHIVE_LOCATION">e:/iH110F_iZynq/Zynq_IP/ip_repo_cis/xilinx.com_ip_data_buffer_1.0</xilinx:tag>
        <xilinx:tag xilinx:name="ui.data.coregen.dd@3bdd538d_ARCHIVE_LOCATION">e:/iH110F_iZynq/Zynq_IP/ip_repo_cis/xilinx.com_ip_data_buffer_1.0</xilinx:tag>
        <xilinx:tag xilinx:name="ui.data.coregen.dd@459fd033_ARCHIVE_LOCATION">e:/iH110F_iZynq/Zynq_IP/ip_repo_cis/xilinx.com_ip_data_buffer_1.0</xilinx:tag>
        <xilinx:tag xilinx:name="ui.data.coregen.dd@1aa49d51_ARCHIVE_LOCATION">e:/iH110F_iZynq/Zynq_IP/ip_repo_cis/xilinx.com_ip_data_buffer_1.0</xilinx:tag>
        <xilinx:tag xilinx:name="ui.data.coregen.dd@22f86851_ARCHIVE_LOCATION">e:/iH110F_iZynq/Zynq_IP/ip_repo_cis/xilinx.com_ip_data_buffer_1.0</xilinx:tag>
        <xilinx:tag xilinx:name="ui.data.coregen.dd@69a273f7_ARCHIVE_LOCATION">e:/iH110F_iZynq/Zynq_IP/ip_repo_cis/xilinx.com_ip_data_buffer_1.0</xilinx:tag>
        <xilinx:tag xilinx:name="ui.data.coregen.dd@61457115_ARCHIVE_LOCATION">e:/iH110F_iZynq/Zynq_IP/ip_repo_cis/xilinx.com_ip_data_buffer_1.0</xilinx:tag>
        <xilinx:tag xilinx:name="ui.data.coregen.dd@71eb5bcb_ARCHIVE_LOCATION">e:/iH110F_iZynq/Zynq_IP/ip_repo_cis/xilinx.com_ip_data_buffer_1.0</xilinx:tag>
        <xilinx:tag xilinx:name="ui.data.coregen.dd@6a1297ed_ARCHIVE_LOCATION">e:/iH110F_iZynq/Zynq_IP/ip_repo_cis/xilinx.com_ip_data_buffer_1.0</xilinx:tag>
        <xilinx:tag xilinx:name="ui.data.coregen.dd@6c7c45ad_ARCHIVE_LOCATION">e:/iH110F_iZynq/Zynq_IP/ip_repo_cis/xilinx.com_ip_data_buffer_1.0</xilinx:tag>
        <xilinx:tag xilinx:name="ui.data.coregen.dd@7e2812c4_ARCHIVE_LOCATION">e:/iH110F_iZynq/Zynq_IP/ip_repo_cis/xilinx.com_ip_data_buffer_1.0</xilinx:tag>
        <xilinx:tag xilinx:name="ui.data.coregen.dd@20555cec_ARCHIVE_LOCATION">e:/iH110F_iZynq/Zynq_IP/ip_repo_cis/xilinx.com_ip_data_buffer_1.0</xilinx:tag>
        <xilinx:tag xilinx:name="ui.data.coregen.dd@50031ec4_ARCHIVE_LOCATION">e:/iH110F_iZynq/Zynq_IP/ip_repo_cis/xilinx.com_ip_data_buffer_1.0</xilinx:tag>
        <xilinx:tag xilinx:name="ui.data.coregen.dd@88a19dc_ARCHIVE_LOCATION">e:/iH110F_iZynq/Zynq_IP/ip_repo_cis/xilinx.com_ip_data_buffer_1.0</xilinx:tag>
        <xilinx:tag xilinx:name="ui.data.coregen.dd@3fa546c9_ARCHIVE_LOCATION">e:/iH110F_iZynq/Zynq_IP/ip_repo_cis/xilinx.com_ip_data_buffer_1.0</xilinx:tag>
        <xilinx:tag xilinx:name="ui.data.coregen.dd@5d39747a_ARCHIVE_LOCATION">e:/iH110F_iZynq/Zynq_IP/ip_repo_cis/xilinx.com_ip_data_buffer_1.0</xilinx:tag>
        <xilinx:tag xilinx:name="ui.data.coregen.dd@423c34a6_ARCHIVE_LOCATION">e:/iH110F_iZynq/Zynq_IP/ip_repo_cis/xilinx.com_ip_data_buffer_1.0</xilinx:tag>
        <xilinx:tag xilinx:name="ui.data.coregen.dd@44da858a_ARCHIVE_LOCATION">e:/iH110F_iZynq/Zynq_IP/ip_repo_cis/xilinx.com_ip_data_buffer_1.0</xilinx:tag>
        <xilinx:tag xilinx:name="ui.data.coregen.dd@450efaa6_ARCHIVE_LOCATION">e:/iH110F_iZynq/Zynq_IP/ip_repo_cis/xilinx.com_ip_data_buffer_1.0</xilinx:tag>
        <xilinx:tag xilinx:name="ui.data.coregen.dd@46506ca4_ARCHIVE_LOCATION">e:/iH110F_iZynq/Zynq_IP/ip_repo_cis/xilinx.com_ip_data_buffer_1.0</xilinx:tag>
        <xilinx:tag xilinx:name="ui.data.coregen.dd@42a09cf4_ARCHIVE_LOCATION">e:/iH110F_iZynq/Zynq_IP/ip_repo_cis/xilinx.com_ip_data_buffer_1.0</xilinx:tag>
        <xilinx:tag xilinx:name="ui.data.coregen.dd@7ff85fc3_ARCHIVE_LOCATION">e:/iH110F_iZynq/Zynq_IP/ip_repo_cis/xilinx.com_ip_data_buffer_1.0</xilinx:tag>
        <xilinx:tag xilinx:name="ui.data.coregen.dd@16f32168_ARCHIVE_LOCATION">e:/iH110F_iZynq/Zynq_IP/ip_repo_cis/xilinx.com_ip_data_buffer_1.0</xilinx:tag>
        <xilinx:tag xilinx:name="ui.data.coregen.dd@2432baab_ARCHIVE_LOCATION">e:/iH110F_iZynq/Zynq_IP/ip_repo_cis/xilinx.com_ip_data_buffer_1.0</xilinx:tag>
        <xilinx:tag xilinx:name="ui.data.coregen.dd@5760b7cf_ARCHIVE_LOCATION">e:/iH110F_iZynq/Zynq_IP/ip_repo_cis/xilinx.com_ip_data_buffer_1.0</xilinx:tag>
        <xilinx:tag xilinx:name="ui.data.coregen.dd@1b05211b_ARCHIVE_LOCATION">e:/iH110F_iZynq/Zynq_IP/ip_repo_cis/xilinx.com_ip_data_buffer_1.0</xilinx:tag>
        <xilinx:tag xilinx:name="ui.data.coregen.dd@19a51f59_ARCHIVE_LOCATION">e:/iH110F_iZynq/Zynq_IP/ip_repo_cis/xilinx.com_ip_data_buffer_1.0</xilinx:tag>
        <xilinx:tag xilinx:name="ui.data.coregen.dd@7007f4b4_ARCHIVE_LOCATION">e:/iH110F_iZynq/Zynq_IP/ip_repo_cis/xilinx.com_ip_data_buffer_1.0</xilinx:tag>
        <xilinx:tag xilinx:name="ui.data.coregen.dd@f6fdf63_ARCHIVE_LOCATION">e:/iH110F_iZynq/Zynq_IP/ip_repo_cis/xilinx.com_ip_data_buffer_1.0</xilinx:tag>
        <xilinx:tag xilinx:name="ui.data.coregen.dd@2cd482f2_ARCHIVE_LOCATION">e:/iH110F_iZynq/Zynq_IP/ip_repo_cis/xilinx.com_ip_data_buffer_1.0</xilinx:tag>
        <xilinx:tag xilinx:name="ui.data.coregen.dd@19b4ceb4_ARCHIVE_LOCATION">e:/iH110F_iZynq/Zynq_IP/ip_repo_cis/xilinx.com_ip_data_buffer_1.0</xilinx:tag>
        <xilinx:tag xilinx:name="ui.data.coregen.dd@542f927c_ARCHIVE_LOCATION">e:/iH110F_iZynq/Zynq_IP/ip_repo_cis/xilinx.com_ip_data_buffer_1.0</xilinx:tag>
        <xilinx:tag xilinx:name="ui.data.coregen.dd@47ae4782_ARCHIVE_LOCATION">e:/iH110F_iZynq/Zynq_IP/ip_repo_cis/xilinx.com_ip_data_buffer_1.0</xilinx:tag>
        <xilinx:tag xilinx:name="ui.data.coregen.dd@158e576e_ARCHIVE_LOCATION">e:/iH110F_iZynq/Zynq_IP/ip_repo_cis/xilinx.com_ip_data_buffer_1.0</xilinx:tag>
        <xilinx:tag xilinx:name="ui.data.coregen.dd@2d59b29b_ARCHIVE_LOCATION">e:/iH110F_iZynq/Zynq_IP/ip_repo_cis/xilinx.com_ip_data_buffer_1.0</xilinx:tag>
        <xilinx:tag xilinx:name="ui.data.coregen.dd@6f69a03f_ARCHIVE_LOCATION">e:/iH110F_iZynq/Zynq_IP/ip_repo_cis/xilinx.com_ip_data_buffer_1.0</xilinx:tag>
        <xilinx:tag xilinx:name="ui.data.coregen.dd@4c48a65d_ARCHIVE_LOCATION">e:/iH110F_iZynq/Zynq_IP/ip_repo_cis/xilinx.com_ip_data_buffer_1.0</xilinx:tag>
        <xilinx:tag xilinx:name="ui.data.coregen.dd@39bd2753_ARCHIVE_LOCATION">e:/iH110F_iZynq/Zynq_IP/ip_repo_cis/xilinx.com_ip_data_buffer_1.0</xilinx:tag>
        <xilinx:tag xilinx:name="ui.data.coregen.dd@2867fc81_ARCHIVE_LOCATION">e:/iH110F_iZynq/Zynq_IP/ip_repo_cis/xilinx.com_ip_data_buffer_1.0</xilinx:tag>
        <xilinx:tag xilinx:name="ui.data.coregen.dd@5357256d_ARCHIVE_LOCATION">e:/iH110F_iZynq/Zynq_IP/ip_repo_cis/xilinx.com_ip_data_buffer_1.0</xilinx:tag>
        <xilinx:tag xilinx:name="ui.data.coregen.dd@531b75a0_ARCHIVE_LOCATION">e:/iH110F_iZynq/Zynq_IP/ip_repo_cis/xilinx.com_ip_data_buffer_1.0</xilinx:tag>
        <xilinx:tag xilinx:name="ui.data.coregen.dd@41a4029_ARCHIVE_LOCATION">e:/iH110F_iZynq/Zynq_IP/ip_repo_cis/xilinx.com_ip_data_buffer_1.0</xilinx:tag>
        <xilinx:tag xilinx:name="ui.data.coregen.dd@4183a770_ARCHIVE_LOCATION">e:/iH110F_iZynq/Zynq_IP/ip_repo_cis/xilinx.com_ip_data_buffer_1.0</xilinx:tag>
        <xilinx:tag xilinx:name="ui.data.coregen.dd@3721fb6d_ARCHIVE_LOCATION">e:/iH110F_iZynq/Zynq_IP/ip_repo_cis/xilinx.com_ip_data_buffer_1.0</xilinx:tag>
        <xilinx:tag xilinx:name="ui.data.coregen.dd@31590dfe_ARCHIVE_LOCATION">e:/iH110F_iZynq/Zynq_IP/ip_repo_cis/xilinx.com_ip_data_buffer_1.0</xilinx:tag>
        <xilinx:tag xilinx:name="ui.data.coregen.dd@33da2719_ARCHIVE_LOCATION">e:/iH110F_iZynq/Zynq_IP/ip_repo_cis/xilinx.com_ip_data_buffer_1.0</xilinx:tag>
        <xilinx:tag xilinx:name="ui.data.coregen.dd@415dec0_ARCHIVE_LOCATION">e:/iH110F_iZynq/Zynq_IP/ip_repo_cis/xilinx.com_ip_data_buffer_1.0</xilinx:tag>
        <xilinx:tag xilinx:name="ui.data.coregen.dd@5a038dc_ARCHIVE_LOCATION">e:/iH110F_iZynq/Zynq_IP/ip_repo_cis/xilinx.com_ip_data_buffer_1.0</xilinx:tag>
        <xilinx:tag xilinx:name="ui.data.coregen.dd@4699301b_ARCHIVE_LOCATION">e:/iH110F_iZynq/Zynq_IP/ip_repo_cis/xilinx.com_ip_data_buffer_1.0</xilinx:tag>
        <xilinx:tag xilinx:name="ui.data.coregen.dd@270062eb_ARCHIVE_LOCATION">e:/iH110F_iZynq/Zynq_IP/ip_repo_cis/xilinx.com_ip_data_buffer_1.0</xilinx:tag>
        <xilinx:tag xilinx:name="ui.data.coregen.dd@733e3a01_ARCHIVE_LOCATION">e:/iH110F_iZynq/Zynq_IP/ip_repo_cis/xilinx.com_ip_data_buffer_1.0</xilinx:tag>
        <xilinx:tag xilinx:name="ui.data.coregen.dd@3068a621_ARCHIVE_LOCATION">e:/iH110F_iZynq/Zynq_IP/ip_repo_cis/xilinx.com_ip_data_buffer_1.0</xilinx:tag>
        <xilinx:tag xilinx:name="ui.data.coregen.dd@763f8d9c_ARCHIVE_LOCATION">e:/iH110F_iZynq/Zynq_IP/ip_repo_cis/xilinx.com_ip_data_buffer_1.0</xilinx:tag>
        <xilinx:tag xilinx:name="ui.data.coregen.dd@414cd543_ARCHIVE_LOCATION">e:/iH110F_iZynq/Zynq_IP/ip_repo_cis/xilinx.com_ip_data_buffer_1.0</xilinx:tag>
        <xilinx:tag xilinx:name="ui.data.coregen.dd@175829a6_ARCHIVE_LOCATION">e:/iH110F_iZynq/Zynq_IP/ip_repo_cis/xilinx.com_ip_data_buffer_1.0</xilinx:tag>
        <xilinx:tag xilinx:name="ui.data.coregen.dd@16f187a4_ARCHIVE_LOCATION">e:/iH110F_iZynq/Zynq_IP/ip_repo_cis/xilinx.com_ip_data_buffer_1.0</xilinx:tag>
        <xilinx:tag xilinx:name="ui.data.coregen.dd@1b8c3615_ARCHIVE_LOCATION">e:/iH110F_iZynq/Zynq_IP/ip_repo_cis/xilinx.com_ip_data_buffer_1.0</xilinx:tag>
        <xilinx:tag xilinx:name="ui.data.coregen.dd@6704f2e2_ARCHIVE_LOCATION">e:/iH110F_iZynq/Zynq_IP/ip_repo_cis/xilinx.com_ip_data_buffer_1.0</xilinx:tag>
        <xilinx:tag xilinx:name="ui.data.coregen.dd@43c4ad66_ARCHIVE_LOCATION">e:/iH110F_iZynq/Zynq_IP/ip_repo_cis/xilinx.com_ip_data_buffer_1.0</xilinx:tag>
        <xilinx:tag xilinx:name="ui.data.coregen.dd@12c6cfd_ARCHIVE_LOCATION">e:/iH110F_iZynq/Zynq_IP/ip_repo_cis/xilinx.com_ip_data_buffer_1.0</xilinx:tag>
        <xilinx:tag xilinx:name="ui.data.coregen.dd@5e3fcc24_ARCHIVE_LOCATION">e:/iH110F_iZynq/Zynq_IP/ip_repo_cis/xilinx.com_ip_data_buffer_1.0</xilinx:tag>
        <xilinx:tag xilinx:name="ui.data.coregen.dd@52ca8c5a_ARCHIVE_LOCATION">e:/iH110F_iZynq/Zynq_IP/ip_repo_cis/xilinx.com_ip_data_buffer_1.0</xilinx:tag>
        <xilinx:tag xilinx:name="ui.data.coregen.dd@5d56633_ARCHIVE_LOCATION">e:/iH110F_iZynq/Zynq_IP/ip_repo_cis/xilinx.com_ip_data_buffer_1.0</xilinx:tag>
        <xilinx:tag xilinx:name="ui.data.coregen.dd@9318247_ARCHIVE_LOCATION">e:/iH110F_iZynq/Zynq_IP/ip_repo_cis/xilinx.com_ip_data_buffer_1.0</xilinx:tag>
        <xilinx:tag xilinx:name="ui.data.coregen.dd@656ec30c_ARCHIVE_LOCATION">e:/iH110F_iZynq/Zynq_IP/ip_repo_cis/xilinx.com_ip_data_buffer_1.0</xilinx:tag>
        <xilinx:tag xilinx:name="ui.data.coregen.dd@571cc2db_ARCHIVE_LOCATION">e:/iH110F_iZynq/Zynq_IP/ip_repo_cis/xilinx.com_ip_data_buffer_1.0</xilinx:tag>
        <xilinx:tag xilinx:name="ui.data.coregen.dd@3d591014_ARCHIVE_LOCATION">e:/iH110F_iZynq/Zynq_IP/ip_repo_cis/xilinx.com_ip_data_buffer_1.0</xilinx:tag>
        <xilinx:tag xilinx:name="ui.data.coregen.dd@2226411_ARCHIVE_LOCATION">e:/iH110F_iZynq/Zynq_IP/ip_repo_cis/xilinx.com_ip_data_buffer_1.0</xilinx:tag>
        <xilinx:tag xilinx:name="ui.data.coregen.dd@1a9d8c55_ARCHIVE_LOCATION">e:/iH110F_iZynq/Zynq_IP/ip_repo_cis/xilinx.com_ip_data_buffer_1.0</xilinx:tag>
        <xilinx:tag xilinx:name="ui.data.coregen.dd@60041d51_ARCHIVE_LOCATION">e:/iH110F_iZynq/Zynq_IP/ip_repo_cis/xilinx.com_ip_data_buffer_1.0</xilinx:tag>
        <xilinx:tag xilinx:name="ui.data.coregen.dd@2954062c_ARCHIVE_LOCATION">e:/iH110F_iZynq/Zynq_IP/ip_repo_cis/xilinx.com_ip_data_buffer_1.0</xilinx:tag>
        <xilinx:tag xilinx:name="ui.data.coregen.dd@314885a6_ARCHIVE_LOCATION">e:/iH110F_iZynq/Zynq_IP/ip_repo_cis/xilinx.com_ip_data_buffer_1.0</xilinx:tag>
        <xilinx:tag xilinx:name="ui.data.coregen.dd@77b536f0_ARCHIVE_LOCATION">e:/iH110F_iZynq/Zynq_IP/ip_repo_cis/xilinx.com_ip_data_buffer_1.0</xilinx:tag>
        <xilinx:tag xilinx:name="ui.data.coregen.dd@be8d567_ARCHIVE_LOCATION">e:/iH110F_iZynq/Zynq_IP/ip_repo_cis/xilinx.com_ip_data_buffer_1.0</xilinx:tag>
        <xilinx:tag xilinx:name="ui.data.coregen.dd@3cf6a514_ARCHIVE_LOCATION">e:/iH110F_iZynq/Zynq_IP/ip_repo_cis/xilinx.com_ip_data_buffer_1.0</xilinx:tag>
        <xilinx:tag xilinx:name="ui.data.coregen.dd@5bd99860_ARCHIVE_LOCATION">e:/iH110F_iZynq/Zynq_IP/ip_repo_cis/xilinx.com_ip_data_buffer_1.0</xilinx:tag>
        <xilinx:tag xilinx:name="ui.data.coregen.dd@4c0511a2_ARCHIVE_LOCATION">e:/iH110F_iZynq/Zynq_IP/ip_repo_cis/xilinx.com_ip_data_buffer_1.0</xilinx:tag>
        <xilinx:tag xilinx:name="ui.data.coregen.dd@609fa6bd_ARCHIVE_LOCATION">e:/iH110F_iZynq/Zynq_IP/ip_repo_cis/xilinx.com_ip_data_buffer_1.0</xilinx:tag>
        <xilinx:tag xilinx:name="ui.data.coregen.dd@620826f5_ARCHIVE_LOCATION">e:/iH110F_iZynq/Zynq_IP/ip_repo_cis/xilinx.com_ip_data_buffer_1.0</xilinx:tag>
      </xilinx:tags>
    </xilinx:coreExtensions>
    <xilinx:packagingInfo>
      <xilinx:xilinxVersion>2019.1.3</xilinx:xilinxVersion>
      <xilinx:checksum xilinx:scope="busInterfaces" xilinx:value="7b0e77df"/>
      <xilinx:checksum xilinx:scope="fileGroups" xilinx:value="ca742402"/>
      <xilinx:checksum xilinx:scope="ports" xilinx:value="59241f13"/>
      <xilinx:checksum xilinx:scope="parameters" xilinx:value="66524e77"/>
    </xilinx:packagingInfo>
  </spirit:vendorExtensions>
</spirit:component>
